upi_transactions_per_month,bill_payment_on_time_pct,rent_payments_regular,monthly_income_estimate,mobile_recharge_frequency,employment_type,score,risk_tier
51,0.59,1,41116,1,2,593.2147667883625,Medium
92,0.75,0,90751,2,2,733.6677610792398,Low
14,0.43,1,96353,2,1,588.0708070951513,Medium
71,0.13,0,95301,0,1,389.82563049359555,High
60,0.28,0,30556,1,1,317.3338365794179,High
20,0.36,1,64042,1,2,494.18193122704554,Medium
82,0.65,0,23099,2,1,509.5402655896075,Medium
86,0.57,0,50096,2,1,540.8105452696558,Medium
74,0.36,0,76986,1,0,439.34175351153954,High
74,0.99,0,18230,0,0,486.9548380549269,Medium
87,0.61,0,34009,2,1,556.3971907055028,Medium
99,0.24,0,75969,0,0,423.7617654768756,High
23,0.1,1,38866,0,0,300.0,High
2,0.15,1,89246,2,1,457.7849077287882,Medium
21,0.25,0,81975,0,1,314.59569048539737,High
52,0.16,1,46855,0,1,363.05794508625354,High
1,0.19,1,86557,1,1,436.2331203580909,High
87,0.29,1,11416,0,2,506.6690648962194,Medium
29,0.17,0,77516,1,2,378.1860321559179,High
37,0.9,1,60915,2,1,667.8480229235815,Low
1,0.08,0,23058,2,0,300.0,High
63,0.52,1,81637,1,1,631.8064843513026,Medium
59,0.41,0,45718,2,1,477.0769858273617,Medium
20,0.98,0,37602,0,0,423.2616359719024,High
32,0.11,1,79658,0,2,477.0304928516607,Medium
75,0.4,1,83112,0,1,602.6185666338201,Medium
57,0.97,0,63067,2,1,641.1316170288181,Medium
21,0.87,1,32516,0,2,589.6988087582263,Medium
88,0.82,1,92969,2,2,850.0,Low
48,0.26,1,6089,0,0,314.9669143030627,High
90,0.17,0,42346,1,2,436.5010211767649,High
58,0.67,0,79663,2,2,601.5637672090922,Medium
41,0.93,1,15487,2,2,672.8790202974615,Low
91,0.56,1,5155,0,0,467.30539041212114,Medium
59,0.57,1,72494,2,2,688.0670779935754,Low
79,0.28,0,81229,2,2,559.6549437538501,Medium
14,0.77,0,43547,1,0,427.1877265180423,High
61,0.19,1,33795,1,2,463.7461069493146,Medium
61,0.32,1,60296,0,2,521.5259338634734,Medium
46,0.43,1,26447,1,0,405.59968466986703,High
61,0.51,1,41598,0,1,531.8058175594592,Medium
50,0.24,1,46814,0,0,411.1960397305845,High
54,0.11,1,95751,0,2,545.6492992677913,Medium
63,0.61,0,80330,2,2,604.2518251204114,Medium
2,0.29,1,92960,1,2,546.337285414356,Medium
50,0.58,0,68278,0,0,410.1666260184581,High
6,0.15,1,60077,1,2,390.3998113621006,High
20,0.48,1,76906,0,2,516.2241508580129,Medium
72,0.53,0,14528,1,0,378.7825743867091,High
38,0.05,0,98812,1,1,373.4005877237283,High
17,0.34,0,55100,0,1,303.101507538917,High
3,0.13,0,13179,2,2,300.0,High
88,0.06,1,53781,1,0,415.5189081698071,High
59,0.99,0,60267,2,2,722.857092565473,Low
13,0.32,1,87379,2,0,446.3748535441262,High
8,0.81,0,28952,0,0,360.18414747824716,High
89,0.25,1,58798,0,1,532.5707803198628,Medium
52,0.68,1,55939,0,1,551.4732294044725,Medium
1,0.76,1,34516,1,0,388.5236383335904,High
83,0.6,1,61526,0,2,685.2304944455802,Low
91,0.47,1,15449,0,1,496.41439448019634,Medium
59,0.41,1,55290,1,2,578.4686861095632,Medium
70,0.35,0,91661,1,1,523.6459201834822,Medium
43,0.93,1,77954,0,1,691.1162765250132,Low
7,0.83,0,27746,0,2,442.96620681338584,High
46,0.97,0,72990,0,1,555.4831738323413,Medium
34,0.12,1,63810,0,1,410.1378949924918,High
77,0.73,0,88297,2,2,698.013093276637,Low
80,0.94,1,20223,2,1,647.3210013050355,Medium
35,0.18,0,77237,0,1,304.90519306279907,High
49,0.07,1,7597,2,1,348.55450184265123,High
3,0.74,0,70677,1,2,479.77771507837724,Medium
1,0.57,1,7659,2,0,346.5571106164791,High
5,0.84,1,91516,2,2,711.7970497505836,Low
53,0.14,1,79567,0,0,403.5062919378143,High
3,0.8,1,20037,2,1,486.18691324286567,Medium
53,0.2,0,51738,2,0,304.4620787402355,High
92,0.16,1,76678,2,2,645.7948761643066,Medium
62,0.16,0,17109,2,2,324.9188522483053,High
17,0.81,0,27010,1,1,397.30003916561157,High
89,0.67,0,13787,0,0,388.0183178187848,High
43,0.52,1,13472,0,1,414.15646296982175,High
33,0.36,0,28383,1,1,306.49940401381457,High
73,0.88,0,66709,2,2,722.6171334886749,Low
61,0.39,0,74785,1,0,450.239545544992,Medium
99,0.82,1,39518,2,0,660.6804231952607,Low
13,0.44,1,58909,1,0,445.67465250540056,High
94,0.38,0,23351,0,0,333.11608800957134,High
47,0.46,1,74624,0,1,534.6985356584619,Medium
14,0.3,1,58330,0,1,394.87725978296635,High
71,0.75,0,20282,2,2,616.4556550516502,Medium
77,0.5,0,89866,2,1,582.8863532447467,Medium
86,0.23,1,26778,1,1,438.6212397404389,High
61,0.9,0,29264,1,2,610.3355894038597,Medium
39,0.38,1,64675,0,2,504.6825288240913,Medium
84,0.54,1,10075,2,2,602.9182283884882,Medium
79,0.91,1,80948,1,1,750.5410069214764,Low
81,0.62,1,53454,2,1,657.7339245390216,Low
52,0.12,1,33365,2,2,449.9221692758912,High
23,0.94,1,77766,0,2,697.0608363298954,Low
25,0.63,0,53200,0,2,447.0158325944396,High
88,0.33,0,16002,2,1,403.38289678770644,High
59,0.14,1,18947,2,1,427.81143953317854,High
40,0.79,1,84222,2,0,650.5439350134919,Low
28,0.62,1,99840,2,1,614.7590349911189,Medium
14,0.53,0,83610,0,1,422.61406628168606,High
44,0.89,1,57142,1,1,652.9813576770526,Low
64,0.79,0,61307,0,2,615.4286497518309,Medium
88,0.15,1,9493,1,1,422.46434852685286,High
70,0.31,1,55085,2,2,587.3358129886482,Medium
8,0.25,0,39228,1,0,300.0,High
87,0.74,0,84676,0,0,581.4303866176144,Medium
0,0.03,1,56875,0,2,307.33525880598273,High
7,0.57,1,36655,2,2,509.50406425784877,Medium
87,0.76,1,48472,0,2,694.5102284000186,Low
62,0.88,0,54437,2,1,583.8865677956826,Medium
10,0.34,0,54416,0,0,300.0,High
80,0.82,0,64711,0,2,638.8730038360839,Medium
7,0.11,0,11816,2,1,300.0,High
34,0.85,0,82175,1,0,523.6929396942095,Medium
34,0.13,0,69307,0,1,300.0,High
32,0.4,1,51733,1,0,400.84058452095377,High
4,0.8,1,16240,0,1,452.38320823440466,Medium
40,0.15,0,97493,0,0,328.6561099989368,High
27,0.23,1,76363,0,0,361.5914047296152,High
6,0.72,1,37762,0,1,471.496969173698,Medium
72,0.72,0,13259,1,2,527.7095412302094,Medium
71,0.64,1,55139,1,0,558.0073930126753,Medium
11,0.69,0,19849,0,2,366.67043487471597,High
33,0.54,0,86768,0,1,441.68054543514125,High
32,0.25,1,94709,1,2,611.0887588006321,Medium
47,0.35,0,59869,2,2,489.3728976625132,Medium
22,0.18,0,68095,2,2,397.9252410969648,High
61,0.91,0,75910,1,2,686.2732611215342,Low
87,0.58,0,91710,0,2,659.00325176395,Low
36,0.4,0,28567,0,0,300.0,High
98,0.46,0,40292,2,0,462.7858140426849,Medium
43,0.95,0,79813,2,0,607.5116645619484,Medium
85,0.15,0,56631,1,1,404.76310867997375,High
90,0.59,1,14885,2,2,625.3720934183899,Medium
34,0.51,1,64659,1,0,455.0242713648788,Medium
64,0.61,1,59306,2,1,670.1979310167907,Low
98,0.02,0,71314,2,0,407.2608913383857,High
46,0.87,0,70087,2,0,541.3826523201519,Medium
77,0.93,1,34165,0,2,696.6433017791587,Low
2,0.57,1,63929,0,1,469.00689436016705,Medium
0,0.7,1,72028,0,2,548.1878896831591,Medium
4,0.92,0,54812,2,2,524.6356054164517,Medium
89,0.71,1,55500,1,0,638.5168170429585,Medium
13,0.15,1,84151,1,2,493.46895635147126,Medium
26,0.58,0,63643,1,1,456.115286359445,Medium
8,0.61,1,49900,1,2,517.6134012372551,Medium
78,0.42,0,47946,0,2,503.2754531291676,Medium
14,0.74,0,12851,0,2,379.9609994734325,High
89,0.93,0,21288,2,0,584.3989468775745,Medium
41,0.93,1,77692,2,1,737.8577406000511,Low
76,0.45,1,72580,1,0,531.7280631473466,Medium
50,0.11,0,12368,0,0,300.0,High
62,0.98,1,90436,1,0,729.9076770239791,Low
95,0.84,1,51403,2,0,716.3418764782764,Low
51,0.12,1,96170,2,0,463.45910743056317,Medium
95,0.92,1,14168,1,1,684.4425300015613,Low
3,0.87,0,91497,2,2,632.0525546548532,Medium
93,0.52,1,54879,1,0,620.4644067319681,Medium
22,0.59,0,64871,0,0,378.7499958959056,High
14,0.4,0,94388,1,1,427.8604940789208,High
42,0.05,1,37174,0,1,300.0,High
28,0.34,0,97491,0,2,455.6274558099484,Medium
35,0.8,1,11581,2,1,531.3118086957414,Medium
12,0.0,1,76853,2,2,442.40555749632495,High
31,0.33,0,69046,2,0,334.765483344098,High
70,0.4,0,54678,1,0,395.15266184416197,High
58,0.54,0,31649,1,2,460.95433832387863,Medium
85,0.92,0,93668,2,1,732.3726728806151,Low
27,0.35,1,87325,1,2,552.8852762801769,Medium
65,0.35,1,19567,2,1,481.41690567223515,Medium
41,0.74,1,85404,1,0,610.5318951809604,Medium
44,0.45,0,94906,0,1,412.842128242571,High
61,0.22,0,66944,0,2,374.3593428732428,High
56,0.45,0,83002,2,2,566.2301732015625,Medium
5,0.14,1,33803,1,0,300.0,High
27,0.18,0,23230,1,1,300.0,High
27,0.5,1,22862,0,1,385.1705529028755,High
43,0.42,0,48355,0,1,358.8993038804536,High
83,0.91,1,36259,2,0,674.0484641003611,Low
29,0.36,1,92445,0,1,486.1988380626906,Medium
61,0.58,0,35795,2,2,547.859116434822,Medium
74,0.63,0,13770,0,1,418.07972622910125,High
91,0.01,1,16093,0,0,328.1252219092658,High
88,0.66,1,51571,1,1,658.5189146256771,Low
61,0.18,0,5193,0,1,300.0,High
96,0.96,0,22569,0,2,637.0659413823531,Medium
0,0.15,1,16190,2,1,300.0,High
26,0.41,0,67824,0,2,427.067337687368,High
61,0.09,1,47752,2,2,471.75190165086656,Medium
76,1.0,1,37327,0,0,629.0460052533421,Medium
2,0.5,0,47070,0,2,354.5232058018398,High
69,0.6,0,90925,2,2,662.470415241574,Low
71,0.07,0,45197,1,0,300.0,High
26,0.75,0,7261,2,2,431.27653286325966,High
8,0.21,0,98905,2,0,321.02305975898076,High
61,0.9,1,31512,2,1,667.0654983249477,Low
36,0.21,1,11716,1,0,300.0,High
96,0.19,0,91795,0,2,567.9933523129455,Medium
50,0.04,0,33933,2,0,300.0,High
43,0.47,0,9378,2,2,399.2872426491079,High
23,0.56,1,45583,1,1,487.37379278215394,Medium
78,0.07,0,90371,2,0,427.89041855666574,High
58,0.78,0,34033,0,1,449.7475054547515,High
31,0.45,1,29000,1,2,507.68589587776427,Medium
95,0.52,1,80868,0,2,679.8593791237415,Low
87,0.44,0,47604,0,1,439.8854282278486,High
51,0.4,0,73336,1,0,411.0869511055885,High
61,0.56,0,78869,2,0,528.541771295855,Medium
57,0.16,1,10410,0,2,354.73997407237806,High
51,0.18,0,88375,0,1,435.6507358083032,High
11,0.86,0,61044,0,1,434.13816873665576,High
38,0.95,0,68315,0,0,471.38635044944436,Medium
1,0.37,1,76344,1,0,405.74229783546514,High
2,0.27,1,11796,1,0,300.0,High
55,0.64,0,91716,0,1,525.5109537492051,Medium
80,0.41,0,59245,2,0,473.4028811513944,Medium
58,0.03,1,48056,0,0,300.0,High
1,0.16,1,22709,2,2,321.37531200050597,High
1,0.72,1,63557,0,0,433.16553269713546,High
91,0.66,1,22543,2,0,606.6440347890665,Medium
53,0.03,1,42418,0,1,338.7548941317443,High
86,0.22,1,99611,2,1,679.2051336905722,Low
95,0.23,1,21724,0,2,526.4682952234377,Medium
96,0.67,1,8828,0,0,516.3149236901497,Medium
0,0.02,1,22087,2,2,316.9684771874951,High
18,0.1,0,17605,1,1,300.0,High
1,0.8,0,36337,2,2,477.86835457364197,Medium
52,0.18,0,10482,1,1,300.0,High
43,0.65,1,70333,0,2,616.6622433358567,Medium
89,0.24,0,97541,2,2,583.6827968681483,Medium
31,0.1,1,93296,2,0,394.3911442141964,High
69,0.24,1,55952,2,2,603.9854121856409,Medium
31,0.72,0,10463,1,0,332.07116873570595,High
67,0.86,1,75448,1,0,673.0202271124357,Low
54,0.83,0,9648,0,0,384.2649824571576,High
74,0.4,0,38623,1,0,358.678050904127,High
55,0.67,0,64156,1,2,549.2907557323114,Medium
16,0.2,1,40634,0,1,317.594306126437,High
37,0.29,0,49602,2,1,397.56596963527625,High
23,0.9,1,54334,2,1,611.2931794301375,Medium
68,0.01,0,73648,0,2,333.7546928638367,High
97,0.09,0,27054,2,0,324.6799781636249,High
69,0.21,0,75028,1,1,453.9099983247037,Medium
85,0.03,1,27207,0,2,398.7631195129129,High
10,0.18,1,85650,0,0,321.6943279235426,High
15,0.58,1,86554,0,1,532.3789348115633,Medium
96,0.42,0,26386,2,0,482.1701407095067,Medium
72,0.89,0,88276,0,1,610.3877666294761,Medium
58,0.82,1,64518,0,1,613.0973181706408,Medium
69,0.34,1,57781,0,1,512.3359673767837,Medium
79,0.26,1,57780,2,0,535.6534887998741,Medium
92,0.38,1,66440,1,2,648.3980257534857,Medium
2,0.59,1,49199,0,0,346.9701168775566,High
19,0.27,1,66035,1,1,439.7449844177269,High
58,0.62,0,13210,2,0,400.7168279460595,High
35,0.41,1,49363,2,2,587.2991025307649,Medium
18,0.55,0,83279,2,0,440.69694224648555,High
89,0.44,0,65348,2,2,617.2573215274476,Medium
66,0.29,1,60284,1,2,564.3250971226419,Medium
18,0.95,1,77124,0,0,624.0780868433894,Medium
19,0.76,0,73847,2,1,515.7311597882306,Medium
95,0.14,1,27432,2,2,534.6255575717646,Medium
70,0.87,1,69089,1,0,705.3682983703721,Low
51,0.49,0,60398,1,2,470.3112544220918,Medium
32,0.89,0,8321,2,1,420.6938323094417,High
39,0.8,0,86348,0,0,493.0871384919697,Medium
38,0.43,1,42383,0,0,389.7312695344861,High
81,0.02,0,83682,2,0,390.8062403689868,High
0,0.27,1,84190,1,1,449.258595142433,High
10,0.54,0,57893,2,2,439.6218763542286,High
91,0.63,0,40820,2,0,513.9233425124935,Medium
56,0.26,0,71262,1,2,455.32188094723625,Medium
88,0.14,1,8760,2,2,477.69562999786496,Medium
49,0.83,1,27190,2,1,610.1431983207864,Medium
22,0.98,0,72411,2,0,559.8739160659021,Medium
30,0.53,0,28377,1,2,448.16536240861006,High
93,0.17,0,51737,0,0,352.06237965797936,High
41,0.27,1,74569,0,0,361.921299971971,High
98,0.02,0,43211,1,1,367.65919829116706,High
6,0.91,1,87909,0,0,561.8140558180567,Medium
15,0.12,0,8744,2,0,300.0,High
89,0.58,0,29995,0,2,515.6862060497948,Medium
59,0.27,0,21977,2,1,378.01577834604154,High
1,0.55,0,39542,0,0,300.0,High
0,0.65,0,15651,1,2,387.4779613899578,High
47,0.83,0,83931,0,1,552.0870815990341,Medium
11,0.21,1,21715,0,1,300.0,High
68,0.01,0,49409,0,2,354.3508307077979,High
36,0.14,1,29306,1,2,391.16811859413116,High
31,0.9,0,24086,0,2,464.3717439583785,Medium
8,0.87,0,19376,1,2,433.1649580062663,High
98,0.6,1,66350,2,2,753.7156876582216,Low
18,0.6,0,76425,0,0,379.30123841750657,High
47,0.67,1,41636,1,0,471.5758394073089,Medium
79,0.18,1,91120,1,1,543.1205994736418,Medium
2,0.91,0,56649,0,0,427.55292984714526,High
19,0.42,1,39610,2,0,388.71806558051645,High
23,0.38,1,15058,1,0,324.1162970234349,High
53,0.52,0,79637,0,2,491.49107164201746,Medium
32,0.05,1,83033,2,1,456.9484853557856,Medium
23,0.17,0,75194,1,1,313.00786664637195,High
74,0.74,0,81917,1,1,582.5722100367918,Medium
71,0.08,0,69200,2,1,441.13840875129426,High
35,0.6,0,51619,2,0,436.8893145412174,High
37,0.25,1,22154,0,0,300.0,High
83,0.39,0,24539,0,2,452.0663806535582,Medium
98,0.29,0,65058,1,1,531.1818537545432,Medium
88,0.36,1,67068,2,0,593.2175186631617,Medium
98,0.72,0,82313,2,0,646.2195947901993,Medium
24,0.3,0,35373,2,2,372.7249939296662,High
92,0.57,1,38154,1,2,674.2979472971848,Low
17,0.48,1,11031,2,2,452.7836121302073,Medium
81,0.66,1,98533,2,0,711.5332826167711,Low
65,0.94,1,76975,1,0,704.9678275042503,Low
53,0.73,1,27785,0,2,571.0927025968093,Medium
34,0.21,1,83928,0,1,441.54000654412994,High
79,0.03,1,33669,1,2,464.3417332926994,Medium
60,0.26,0,99475,2,2,579.9621510118615,Medium
40,0.6,1,7282,1,2,481.9107249288071,Medium
99,0.05,1,39624,0,2,507.43157005410524,Medium
32,0.5,1,53438,0,0,436.71192825606937,High
67,0.6,0,94900,1,1,599.5162401859361,Medium
32,0.33,0,72534,1,2,421.9330723958102,High
13,0.77,1,36705,0,1,446.5563676897812,High
20,0.11,1,43244,1,1,350.6820094482284,High
47,0.08,1,79964,0,1,431.67877568827925,High
19,0.73,0,42437,1,2,491.9615326952627,Medium
7,0.5,0,82872,1,0,345.73326343980926,High
6,0.69,1,79878,1,2,623.9583675251272,Medium
66,0.43,0,77982,0,1,488.05224224438825,Medium
16,0.25,1,55583,1,1,396.259805579013,High
32,0.82,0,43392,0,0,405.1225900652963,High
47,0.8,0,12461,0,2,466.5613291504819,Medium
75,0.69,1,15516,1,1,551.6026094194069,Medium
58,0.27,1,84285,1,0,506.19193204569217,Medium
85,0.59,1,22514,0,1,574.4779668180203,Medium
21,0.36,1,41268,0,0,332.98007869085274,High
29,0.09,0,95486,2,0,306.7535012269668,High
37,0.92,0,41788,0,2,519.8314693817198,Medium
50,0.14,0,80749,2,1,377.90941102296745,High
53,0.95,1,66049,2,2,808.9032225809212,Low
7,0.45,0,67493,2,1,409.2681059265619,High
26,0.19,1,41027,1,2,411.0266145666436,High
26,0.54,0,98547,1,1,462.7328015606213,Medium
97,0.87,1,47849,0,2,734.0321008351501,Low
20,0.73,1,22858,2,0,451.95046068605706,Medium
29,0.81,0,89162,1,1,561.5121519804012,Medium
96,0.66,1,84003,1,1,739.5211868639676,Low
27,0.69,1,57395,1,0,532.6186395074741,Medium
63,0.85,0,44758,1,2,586.6609028460392,Medium
96,0.25,1,59312,1,1,535.4602429129214,Medium
68,0.49,1,73670,2,1,617.2004304971542,Medium
60,0.22,1,87279,2,2,620.09750291107,Medium
47,0.99,0,20434,2,0,477.2944386610842,Medium
18,0.94,0,69047,2,2,610.2538290897395,Medium
3,0.04,1,52775,0,2,314.46932839361114,High
34,0.71,0,80769,2,2,622.3427690741037,Medium
63,0.93,1,71677,1,1,716.6146862581536,Low
48,0.18,1,88555,2,0,479.5631584610438,Medium
16,0.57,1,90920,0,0,499.18567162317555,Medium
43,0.92,1,50734,1,2,682.1683617793584,Low
91,0.03,1,93503,2,1,596.4702474891403,Medium
29,0.7,0,45603,2,2,525.8357052404352,Medium
92,0.3,1,81708,2,1,650.2513171792215,Low
45,0.92,0,86926,1,1,597.1640723458702,Medium
5,0.97,0,73803,1,1,553.2014844904387,Medium
98,0.94,1,44332,0,1,761.0776759316623,Low
36,0.47,1,96703,1,0,536.5825627653478,Medium
23,0.86,0,26312,1,1,415.6969025325925,High
92,0.84,0,98376,2,1,743.3340541665004,Low
45,0.32,0,89526,1,2,514.84920281172,Medium
52,0.83,1,49179,2,2,699.0542464856878,Low
94,0.04,0,76442,2,0,410.30601631763625,High
98,0.6,1,45379,1,2,703.5710827282429,Low
59,0.23,1,22297,0,1,405.6549570441185,High
96,0.12,1,7011,0,2,457.5304746617875,Medium
62,0.08,0,49014,1,0,300.0,High
84,0.7,1,16738,0,2,602.9506288664714,Medium
31,0.34,1,99333,2,2,630.7043791034783,Medium
86,0.72,1,52498,2,0,638.5567334574974,Medium
32,0.07,1,16120,1,0,300.0,High
66,0.32,1,13767,0,1,428.5583928157123,High
17,0.54,0,27852,0,2,362.77127137545244,High
24,0.79,1,84239,2,1,656.1297882641038,Low
94,0.32,1,5929,1,2,521.7834574391679,Medium
53,0.63,0,82487,0,2,596.1043242132401,Medium
57,0.89,1,96575,1,1,747.13579110753,Low
66,0.62,0,22438,0,2,483.87588334901136,Medium
45,0.23,1,53515,2,2,532.8078319643704,Medium
23,0.02,0,10744,2,2,300.0,High
31,0.87,0,88820,1,0,503.7470194506115,Medium
46,0.02,1,47417,2,1,407.06600761177015,High
85,0.87,1,12069,0,0,556.9600173321224,Medium
22,0.53,1,47359,2,1,543.8486934291867,Medium
65,0.94,0,24799,1,1,524.3941460915499,Medium
26,0.8,0,98762,1,2,665.4193718309557,Low
1,1.0,0,75188,1,1,539.9522105899318,Medium
89,0.35,1,94859,0,0,580.2745844244431,Medium
16,0.77,0,12597,0,0,300.0,High
32,0.4,0,52093,0,0,300.0,High
8,0.48,1,42226,0,1,403.91301856466424,High
42,0.63,0,77127,0,0,446.0005458364176,High
47,0.87,0,96369,2,1,638.1715558481612,Medium
38,0.98,1,82362,0,0,662.8596171157607,Low
92,0.77,0,31417,0,0,485.0623104754396,Medium
41,0.42,1,23693,2,1,477.55057790614626,Medium
25,0.42,1,84674,0,0,440.9291547699048,High
98,0.74,1,58161,1,2,745.759147234419,Low
49,0.24,1,7169,0,1,335.79249254806575,High
24,0.11,1,89092,0,1,412.92991099646434,High
23,0.35,0,27052,1,1,300.0,High
12,0.29,0,76849,1,2,410.5637081033025,High
59,0.3,1,78851,1,1,565.6324926779316,Medium
6,0.23,1,13036,1,0,300.0,High
56,0.04,0,36778,0,0,300.0,High
35,0.02,1,32734,1,0,300.0,High
44,0.99,1,28173,1,1,621.8239019397259,Medium
19,0.43,1,35403,2,0,392.5225798016933,High
64,0.38,0,71321,1,1,463.4236433445843,Medium
7,0.68,0,76675,1,0,405.77955395351836,High
15,0.22,1,11344,2,2,351.3226212254874,High
13,0.95,1,23800,2,2,593.5340874539347,Medium
75,0.79,0,30372,0,2,493.29844518153715,Medium
86,0.09,0,66516,2,2,510.88290456906947,Medium
14,0.42,1,25538,0,1,355.380540412349,High
91,0.88,1,68918,2,0,764.7930226293031,Low
97,0.94,0,19973,2,2,653.1912400837722,Low
65,0.47,0,76155,0,1,473.7981467906632,Medium
31,0.61,0,64500,2,2,538.296530122332,Medium
86,0.17,1,41575,0,2,494.91435010339967,Medium
62,0.99,0,47261,2,1,594.4534440306642,Medium
85,0.23,1,32716,1,1,519.3494267227031,Medium
50,0.94,0,8236,2,0,486.457666825401,Medium
24,0.65,0,20848,0,0,300.0,High
57,0.61,0,7352,2,2,481.90855290339215,Medium
62,0.51,0,6932,0,2,381.1681864728621,High
61,0.23,1,81449,0,0,433.9899279395051,High
21,0.18,1,13556,1,0,300.0,High
57,0.22,0,91836,1,1,410.564622371884,High
57,0.19,1,10498,0,0,300.0,High
85,0.78,0,81118,2,0,627.9224765448447,Medium
48,0.35,0,55098,0,2,444.22073157374575,High
51,0.06,0,69386,0,0,300.0,High
41,0.97,0,14569,2,2,528.6930045086535,Medium
69,0.88,1,61882,2,0,685.7089951793164,Low
14,0.93,0,75393,2,1,568.2072039672872,Medium
53,0.99,0,5340,2,0,469.11323329401114,Medium
59,0.17,1,48949,0,0,379.29418215060605,High
96,0.4,0,87302,0,0,458.4218614448805,Medium
7,0.76,0,67443,1,2,498.71328174926657,Medium
52,0.7,0,96668,0,1,566.9123749642615,Medium
59,0.15,1,79027,2,0,494.64551370321277,Medium
4,0.82,0,5138,1,2,397.2643894701839,High
67,0.22,1,5358,2,1,414.948155993994,High
5,0.22,0,80250,0,2,334.10117452747056,High
95,0.54,0,90376,1,2,677.5601424475446,Low
93,0.59,1,35654,2,1,644.9860156825092,Medium
46,0.58,0,30879,1,0,336.9210490911894,High
98,0.09,0,86532,1,2,501.3940483211019,Medium
54,0.88,1,60778,0,2,663.7632515712778,Low
39,0.27,1,42772,2,0,433.6556163697871,High
51,0.13,1,63478,1,0,414.10523671224894,High
15,0.89,1,69353,1,1,613.5762423363891,Medium
12,0.96,1,31762,2,1,576.4481502967183,Medium
29,0.86,0,18283,1,1,421.0873998406529,High
18,0.81,1,68922,1,0,568.7087421516443,Medium
16,0.66,0,44420,1,2,486.92867016349487,Medium
62,0.55,0,60568,2,2,558.0281415214492,Medium
18,0.09,0,90090,2,1,375.9483104131142,High
91,0.41,1,25219,2,0,515.9982583071778,Medium
57,0.37,1,62169,2,2,605.0894214017907,Medium
54,0.26,0,79965,0,1,426.0142856565985,High
89,0.72,1,51840,1,2,727.4766855851445,Low
89,0.5,1,49695,2,2,693.3172887850927,Low
61,0.08,1,89754,1,0,460.47347865822894,Medium
22,0.22,1,82988,1,0,373.46401266681096,High
8,0.68,0,63342,0,2,452.4522229743213,Medium
11,0.08,0,23951,2,1,300.0,High
0,0.85,1,6307,2,0,399.1909371970876,High
57,0.5,0,85388,1,2,554.4332583910248,Medium
0,0.48,1,95768,2,0,485.02822260726106,Medium
33,0.59,1,40428,1,0,474.4536507826066,Medium
95,0.82,0,97021,1,0,638.7662076779594,Medium
47,0.35,0,80774,0,2,444.7510512190149,High
88,0.68,0,43975,0,1,522.6577652109603,Medium
0,0.57,1,6140,0,1,306.764124572915,High
15,0.27,0,29842,1,1,300.0,High
60,0.88,1,31421,2,0,573.5524652933356,Medium
63,0.8,0,6708,0,2,497.8162292001079,Medium
62,0.66,0,8630,2,0,393.23273759119627,High
68,0.85,1,24595,0,1,589.8716430999552,Medium
21,0.87,1,81021,0,1,633.3622063958219,Medium
92,0.71,1,33308,1,2,679.1706223269223,Low
66,0.84,1,49789,0,0,577.3382598270399,Medium
75,0.7,1,60690,0,1,610.2534400138852,Medium
25,0.68,1,31086,1,2,525.0019255800838,Medium
15,0.62,1,21859,2,0,401.30634211988246,High
50,0.75,1,12684,0,0,440.5181921833267,High
85,0.16,0,96088,1,1,482.4800893165387,Medium
56,0.88,1,6207,0,1,544.1866430179675,Medium
28,0.87,1,51099,1,0,531.373661039162,Medium
77,0.03,0,72496,2,0,374.38465351834947,High
91,0.83,1,71093,2,1,792.8860258304646,Low
68,0.13,0,34689,1,0,300.0,High
46,0.34,0,53651,1,1,365.2075085516324,High
93,0.74,1,18893,1,0,577.4875806395999,Medium
61,0.16,0,71418,2,1,418.7776507397911,High
68,0.82,1,65011,0,2,716.4290365854708,Low
75,0.83,0,43635,2,1,627.6673287251994,Medium
15,0.51,0,61115,1,1,386.6027409685543,High
89,0.01,0,83405,1,2,465.02538877439736,Medium
89,0.29,1,77702,2,0,562.5862077611588,Medium
47,0.62,1,83518,1,2,659.9919673735684,Low
84,0.98,0,77805,2,1,698.3546738577776,Low
38,0.63,0,63954,1,0,441.5628721669116,High
99,0.26,1,33064,0,2,497.46242361288466,Medium
32,0.63,1,84063,0,0,530.8880963543861,Medium
93,0.54,0,7454,1,0,375.54672186649543,High
22,0.78,0,25878,2,2,479.5078957075176,Medium
9,0.11,1,56098,0,0,300.0,High
68,0.76,1,67154,2,2,787.2252931928406,Low
99,0.54,1,17991,1,1,576.3083120337155,Medium
33,0.96,1,73344,2,0,676.4955705008571,Low
51,0.34,1,41593,0,1,463.19653717192017,Medium
94,0.63,0,41304,2,1,572.876109480448,Medium
9,0.93,1,35386,2,0,503.8595245828957,Medium
18,0.1,0,60220,1,2,312.02714499768456,High
57,0.94,1,74338,1,0,659.8310397286759,Low
95,0.69,0,99289,1,1,665.507916762254,Low
0,0.07,1,26083,0,1,300.0,High
68,0.3,1,23354,0,2,470.0248871581547,Medium
3,0.71,0,27190,1,0,311.6221832204057,High
15,0.07,0,11142,1,1,300.0,High
23,0.58,1,33398,0,1,434.11309647467084,High
79,0.35,1,56971,0,1,535.0113783621583,Medium
1,0.62,1,46862,0,2,470.7368029012912,Medium
91,0.05,1,58410,0,1,490.11559651193005,Medium
31,0.87,1,24503,1,1,540.695774235647,Medium
90,0.97,0,53456,0,0,601.8557296924486,Medium
83,0.97,0,87035,1,0,631.5486581645655,Medium
23,0.75,1,13016,2,1,499.42385485178306,Medium
11,0.13,0,7384,2,1,300.0,High
49,0.76,0,67320,0,0,466.2198358949695,Medium
34,0.02,0,20072,2,2,300.0,High
32,0.02,1,85018,2,2,475.04809593880947,Medium
32,0.32,0,45510,2,2,388.86033915914186,High
60,0.49,1,53933,0,2,546.8278386456752,Medium
50,0.77,0,26826,0,2,511.05568394396835,Medium
42,0.68,1,73026,2,2,700.0040988559425,Low
11,0.45,0,30518,1,2,326.34857583085756,High
66,0.27,1,29045,2,2,522.2281025208786,Medium
64,1.0,1,55876,0,0,663.3872279132298,Low
32,0.43,0,97446,0,2,482.3296153937752,Medium
39,0.45,1,95102,0,2,596.4602372441765,Medium
73,0.16,1,56919,2,2,552.2120658635388,Medium
42,0.79,1,32103,1,1,544.7061537236248,Medium
43,0.69,1,41188,0,0,499.0424762088631,Medium
28,0.22,1,10845,0,0,300.0,High
12,0.08,1,91698,2,0,371.692111944253,High
11,0.68,1,41674,1,2,567.4468465843623,Medium
94,0.65,1,24337,2,2,681.9262116741979,Low
45,0.27,0,27313,0,1,300.0,High
1,0.95,0,31943,1,0,409.09027609628816,High
34,0.15,1,82949,1,2,505.9964680859274,Medium
86,0.43,1,5276,0,0,404.99316159465286,High
80,0.94,0,56151,1,1,650.3236192757637,Low
89,0.42,0,22611,1,1,407.022943259275,High
7,0.64,0,16944,2,1,372.82922755680863,High
92,0.4,1,57887,0,0,522.6301878488516,Medium
25,0.27,0,86442,0,2,392.3289898369165,High
73,0.98,1,54847,0,2,737.6106479336829,Low
89,0.41,1,63653,0,1,550.6367497634327,Medium
33,0.89,0,91072,0,2,604.4205566675203,Medium
6,0.23,1,61622,1,1,378.963244760112,High
67,0.21,1,32810,2,0,401.39412936577037,High
57,0.03,1,82842,0,1,437.77470047741986,High
74,0.65,1,15503,2,0,543.4643416905099,Medium
28,0.37,0,89761,2,1,452.2525572800116,Medium
35,0.86,0,41976,1,2,555.2065165303853,Medium
88,0.47,1,16590,0,2,534.0372003404134,Medium
20,0.97,1,15886,1,1,562.8396552843988,Medium
35,0.19,0,17866,0,2,300.0,High
9,0.87,1,71624,1,2,683.153143395095,Low
72,0.78,0,73899,2,2,734.0823462447746,Low
23,0.77,1,37792,0,0,443.17912815393436,High
63,0.84,1,14764,2,2,658.9467224619708,Low
98,0.76,0,91156,2,0,661.3871575610257,Low
48,0.63,0,47727,1,1,472.3680450035103,Medium
98,0.13,0,83471,0,2,528.4613994095018,Medium
35,0.03,0,13068,2,2,300.0,High
81,0.92,1,12295,1,2,700.2148853295615,Low
95,0.62,0,46160,0,1,515.6014542028846,Medium
23,0.8,1,16390,0,0,431.14218205081175,High
22,0.48,0,25131,2,0,328.4511538681538,High
61,0.12,0,99754,0,2,452.7014352513397,Medium
95,0.13,1,80969,2,1,567.5406466665254,Medium
36,0.69,0,20038,0,1,383.9540335376059,High
11,0.43,0,57327,1,1,328.99989562789096,High
54,0.2,0,98718,2,1,472.57368526072446,Medium
12,0.49,0,82064,2,1,460.86861673743226,Medium
22,0.06,1,26281,0,0,300.0,High
88,0.58,1,59189,0,0,566.3435994889392,Medium
98,0.27,0,53511,2,0,432.5043657508336,High
29,0.8,0,13605,0,2,367.2121243945,High
16,0.31,0,6381,1,1,300.0,High
61,0.46,1,71634,0,2,598.2089660154847,Medium
83,0.01,1,24810,1,1,428.8867255671145,High
88,0.07,1,29322,1,0,393.6045605992374,High
85,0.39,1,46869,1,2,599.9154925493032,Medium
12,0.48,0,37955,1,0,300.0,High
58,0.6,0,66388,1,1,531.7985881191638,Medium
18,0.29,0,15207,0,1,300.0,High
48,0.69,1,92329,1,1,691.5308973114645,Low
99,0.86,0,72628,0,0,590.149838892279,Medium
11,0.78,1,33220,1,1,505.63295538815805,Medium
60,0.04,1,89050,2,0,481.52816775437566,Medium
18,0.48,0,79085,1,2,483.86563168028374,Medium
75,0.1,0,27031,2,1,356.4924369723178,High
8,0.24,0,75721,1,1,312.7888563887366,High
70,0.99,1,85807,1,1,810.4879528138289,Low
27,0.14,1,76312,1,2,476.1354535378716,Medium
77,0.5,0,64766,2,1,532.1514527544962,Medium
94,0.62,0,17449,2,0,457.8112406537334,Medium
51,0.7,1,94833,1,0,670.4657678295266,Low
82,0.56,0,61699,0,1,490.55833143816113,Medium
15,0.01,1,86253,1,1,411.3387045352089,High
68,0.33,1,51092,2,2,574.4746660837966,Medium
98,0.52,0,68671,1,2,629.1001089014837,Medium
11,0.09,0,15350,2,2,300.0,High
24,0.35,0,73487,2,1,442.39853759452456,High
51,0.03,0,22622,2,2,303.1559620966297,High
84,0.08,1,75263,1,2,553.9127156407924,Medium
99,0.4,1,58117,2,0,591.9037924330604,Medium
52,0.13,1,63394,2,2,563.084036584809,Medium
22,0.57,0,28782,1,0,300.0,High
15,0.69,1,33454,2,0,412.139667355916,High
56,0.8,0,72904,1,2,629.0033567474657,Medium
38,0.2,0,20592,2,0,300.0,High
52,0.17,0,27173,0,1,300.0,High
41,0.1,0,38204,0,1,300.0,High
57,0.64,0,40596,2,2,526.4737802997508,Medium
38,0.71,0,39324,0,1,414.71682928616644,High
13,0.03,1,66202,1,0,312.45764630572114,High
94,0.94,0,94400,0,1,685.0506919652312,Low
4,0.05,1,35750,2,2,358.1302666301511,High
34,0.54,1,81112,2,2,676.5234702258447,Low
86,0.71,0,21566,1,0,467.610681984227,Medium
92,0.87,0,12190,2,2,614.9674788481847,Medium
74,0.71,0,93607,1,1,658.5883670543358,Low
17,0.8,1,43333,0,2,573.8338502384497,Medium
75,0.34,0,85905,0,0,386.60104000151387,High
8,0.81,1,94571,1,2,695.4268722946846,Low
73,0.08,0,6589,1,1,300.0,High
57,0.89,0,30235,2,0,505.4012709528493,Medium
16,0.55,1,5159,0,1,377.4780800858652,High
6,0.82,1,17145,1,0,411.29790830670333,High
45,0.45,0,85909,0,2,463.9061477191637,Medium
12,0.64,1,36921,1,0,449.9529038381165,High
39,0.53,1,21237,0,0,402.76566942403895,High
41,0.73,1,13244,2,2,585.7428797363411,Medium
8,0.08,1,19743,0,1,300.0,High
49,0.06,1,51101,0,2,410.8142653587263,High
26,0.25,0,89227,0,0,307.393403535217,High
65,0.16,0,61378,0,2,397.8702411472652,High
4,0.87,1,76126,0,0,514.6731182928539,Medium
28,0.22,0,61071,2,2,411.3280516017151,High
36,0.98,0,76121,1,2,624.0784235270881,Medium
37,0.34,1,79763,0,1,480.49438338468843,Medium
82,0.18,0,98814,2,0,481.91758944966807,Medium
7,0.79,1,17237,0,1,472.2360141592327,Medium
64,0.66,1,20649,0,0,443.9473156937461,High
85,0.5,0,42713,1,2,545.8370611546485,Medium
16,0.56,1,78463,0,0,469.5289755285572,Medium
70,0.72,1,50409,2,1,629.2836253863452,Medium
88,0.23,1,53766,2,1,570.7426402881849,Medium
44,1.0,1,51154,1,1,687.9137015796756,Low
3,0.97,1,12016,0,0,432.8050535876487,High
35,0.65,0,84563,2,1,542.4474549025465,Medium
69,0.2,0,53688,0,1,362.04080073044855,High
30,0.68,1,94678,0,1,606.7528939449805,Medium
18,0.07,1,59238,0,2,341.6868532336961,High
60,0.03,0,63608,1,2,390.08240649508934,High
53,0.26,1,94081,0,0,464.8205918803666,Medium
38,0.46,0,36897,2,0,333.6975565800403,High
90,0.87,1,55961,0,1,752.6213990717331,Low
73,0.73,1,73703,2,2,797.4583143923911,Low
89,0.74,1,49757,0,1,626.5105587937122,Medium
18,0.43,1,31917,2,1,445.7667239313168,High
38,0.35,1,27736,2,2,525.6325055112865,Medium
66,0.37,1,32990,0,2,479.05601691848,Medium
44,0.99,1,67551,0,2,721.641662828143,Low
12,0.04,0,63161,2,0,300.0,High
91,0.87,0,84623,1,0,616.7561423500196,Medium
57,0.58,0,27440,0,1,400.4710060922446,High
19,0.44,1,40205,1,0,402.7349278103625,High
91,0.73,1,85811,0,2,802.7829518283831,Low
71,0.49,1,60103,0,2,604.2187179674811,Medium
60,0.87,1,75812,0,0,682.6569007027023,Low
38,0.9,1,46627,0,1,548.0946649320649,Medium
0,0.42,1,24008,1,1,361.14033419628925,High
2,0.28,1,76274,0,0,312.3021136014029,High
76,0.59,0,37402,2,1,515.607652749938,Medium
91,0.91,1,58384,2,1,771.3298649978994,Low
61,0.21,0,10793,1,1,300.0,High
62,0.62,0,10571,0,2,428.6043857179561,High
24,0.63,1,21209,2,2,522.8983164394697,Medium
55,0.73,1,95930,1,0,635.6541810487204,Medium
32,0.13,0,48148,0,2,337.94518994899107,High
37,0.72,0,96218,2,1,601.3064747692483,Medium
5,0.91,1,7224,2,2,523.4054258692322,Medium
57,0.18,1,53695,1,0,416.4057547023353,High
43,0.24,0,37441,0,2,328.98846675284005,High
44,0.97,1,44129,0,1,617.3500217419428,Medium
31,0.18,1,67368,2,1,477.1337630796359,Medium
44,0.85,1,97122,2,0,720.9085434742569,Low
60,0.49,0,49760,2,2,509.3437454415862,Medium
46,0.25,0,28478,0,2,323.36116691689233,High
20,0.87,0,76854,1,2,573.7857799452286,Medium
79,0.45,1,99230,1,1,683.3972436214852,Low
84,0.51,1,90716,0,0,597.7859101252766,Medium
74,0.36,0,17180,1,2,420.9450295940375,High
35,0.59,0,20372,2,1,392.3384647797967,High
98,0.16,0,34796,1,1,391.46960968861333,High
18,0.39,1,63272,1,1,493.6370201185627,Medium
19,0.97,0,94963,1,2,696.7413232953544,Low
56,0.26,0,98635,2,2,554.8118418748495,Medium
17,0.66,1,59040,0,2,548.0806044036618,Medium
46,0.33,1,80357,2,2,579.8012647822063,Medium
48,0.77,1,76368,0,2,664.5276360037725,Low
13,0.13,0,83356,0,2,329.17727928428184,High
14,0.97,1,21211,0,2,547.1207355872515,Medium
30,0.45,1,10842,1,2,434.4859847425616,High
0,0.24,0,68115,1,2,369.73778948112334,High
53,0.07,1,71852,0,1,421.27981627476964,High
2,0.17,0,50968,0,2,300.0,High
15,0.52,0,22508,1,0,300.0,High
86,0.34,1,27005,2,1,561.5608944953917,Medium
56,0.83,1,59575,0,2,675.8984274402286,Low
74,0.43,1,85742,2,0,598.0667266969829,Medium
11,0.25,1,23971,1,2,343.32698365381117,High
73,0.62,1,30599,0,0,491.97596172497265,Medium
95,0.71,1,92592,2,0,737.1428399644519,Low
15,0.17,0,71914,2,0,318.51959492033797,High
71,0.17,0,72055,2,0,433.98797384003905,High
75,0.04,1,92697,1,1,502.6883901046745,Medium
23,0.74,0,10355,1,1,346.26693524238004,High
27,0.66,1,59120,2,0,524.7136072974711,Medium
7,0.47,0,79619,2,2,457.9172420921146,Medium
91,0.84,0,43342,1,0,555.0323315137342,Medium
35,0.81,0,90992,2,1,598.4515302182887,Medium
89,0.59,1,83860,2,2,788.3306468111052,Low
7,0.87,0,7257,1,1,389.8358704329394,High
57,0.21,1,32364,2,1,430.44356979328984,High
59,0.11,0,29972,2,2,390.848224449548,High
49,0.27,0,31654,2,0,300.0,High
27,0.06,0,85769,1,0,316.5076569829755,High
91,0.53,0,86423,2,0,606.2655193249877,Medium
40,0.94,0,34320,1,0,458.3783932822753,Medium
99,0.04,1,25808,1,2,472.34433110939915,Medium
63,0.12,1,57389,0,2,453.6806804065084,Medium
26,0.45,0,39773,0,2,384.0185700414906,High
62,0.93,0,56168,2,1,624.72794466939,Medium
16,0.32,0,32747,1,2,342.0313377150392,High
72,0.51,0,81396,0,0,503.8765793859128,Medium
32,0.04,1,88692,2,1,447.9763412256775,High
83,0.15,0,62505,0,0,311.4072351248382,High
76,0.99,1,90896,0,0,734.6432046906525,Low
91,0.97,0,23135,1,2,672.1651922290459,Low
28,0.0,1,95887,1,2,458.9647942042849,Medium
12,0.95,0,52377,0,0,414.44649477518493,High
45,0.64,0,28554,0,0,366.5088732234198,High
34,0.87,1,67491,1,1,611.3244432301925,Medium
5,0.45,0,60621,2,2,430.948359228782,High
81,0.52,0,63283,1,1,513.7639381280244,Medium
68,0.49,0,90140,0,1,515.763131819426,Medium
46,0.67,1,21923,2,1,561.0416858116738,Medium
24,0.14,0,52591,0,0,300.0,High
65,0.03,0,67261,2,1,363.3175519577629,High
9,0.31,1,59336,0,1,369.64707723533047,High
55,0.7,1,79083,2,0,666.6978596064893,Low
29,0.2,1,65948,2,2,516.4746578784819,Medium
4,0.67,0,38002,0,2,401.810382551697,High
32,0.97,0,85098,2,1,640.2019062036609,Medium
64,0.09,0,78016,1,0,357.21432136483844,High
17,0.67,1,31672,0,2,490.4210782012536,Medium
95,0.44,0,9213,1,1,405.0757670646513,High
48,0.87,0,15293,0,1,452.85995431696097,Medium
10,0.18,1,60860,2,0,378.26748020891114,High
84,0.69,1,67507,2,1,701.7283737840671,Low
25,0.84,1,62134,2,2,674.7491037715255,Low
62,0.94,1,7100,0,0,516.9354714353819,Medium
88,0.68,1,66997,1,2,776.390492099653,Low
85,0.5,0,33172,1,2,527.6067091033652,Medium
58,0.62,1,25132,0,2,525.7822634026822,Medium
26,0.87,0,23199,0,1,407.53834416821,High
48,0.57,0,41609,1,1,425.30042488499134,High
76,0.03,1,47965,1,2,463.4646088799214,Medium
32,0.93,1,13016,1,2,596.9361616621054,Medium
97,0.69,1,44779,1,0,614.7572512078725,Medium
98,0.68,0,36881,0,0,466.52934952765685,Medium
0,0.22,1,87594,0,1,383.04037265236377,High
20,0.66,1,29472,2,1,536.3718709669761,Medium
54,0.39,1,56813,1,0,461.35193767798967,Medium
5,0.65,1,41021,2,2,548.0354211260053,Medium
91,0.11,1,59131,0,1,482.0867057544654,Medium
80,0.66,0,29087,0,2,506.0736629926533,Medium
68,1.0,0,17828,2,0,533.2460946473539,Medium
94,0.05,0,66610,1,1,417.5270119219553,High
4,0.98,1,6401,1,1,496.39713053798437,Medium
2,0.41,1,90179,1,0,420.1733371580716,High
52,0.87,1,20193,1,1,581.2635098549472,Medium
22,0.78,0,97389,2,0,547.9844375069972,Medium
52,0.57,1,49864,2,1,581.1316673723993,Medium
36,0.74,1,25307,0,0,447.84963825202516,High
73,0.88,1,24611,1,1,642.5627400145271,Medium
73,0.4,0,48791,1,2,501.9299026146783,Medium
82,0.33,1,16950,1,2,538.0730183002762,Medium
16,0.67,0,81240,2,2,551.9969878050156,Medium
84,0.81,1,82403,1,1,737.5792939381581,Low
77,0.76,0,7745,2,1,483.1156934265025,Medium
72,0.8,0,60243,1,2,654.8397282547272,Low
0,0.44,0,8866,1,2,300.0,High
50,0.82,1,37245,0,0,533.4772936867505,Medium
44,0.12,1,49724,1,0,369.67207055725345,High
76,0.54,0,76354,1,0,493.4768803274822,Medium
3,0.01,0,56374,0,2,300.0,High
61,0.32,1,35116,2,2,528.6238518040392,Medium
64,0.37,1,86029,2,2,649.27100006829,Low
31,0.4,0,98574,1,0,433.39117377100666,High
33,0.7,1,25447,2,1,527.031102884917,Medium
91,0.39,1,35431,1,2,620.9591813842177,Medium
94,0.45,1,22908,0,1,515.078283392387,Medium
71,0.24,1,34336,0,1,419.14717583515153,High
38,0.37,0,45992,1,1,337.09670404899714,High
25,0.23,1,60350,0,0,327.936912860245,High
33,0.07,1,74561,0,1,414.4867756581258,High
53,0.6,0,56955,1,2,508.2257984044037,Medium
2,0.67,0,66240,1,0,409.81493642959305,High
49,0.62,1,25093,0,2,517.373851450607,Medium
11,0.46,1,11155,2,2,457.30899941302494,Medium
64,0.38,1,51607,2,0,502.30897411490025,Medium
53,0.86,1,38487,1,2,664.5628083494763,Low
4,0.52,0,60668,1,2,389.9075844574973,High
93,0.48,0,25963,2,0,439.9581403449752,High
93,0.03,0,55124,0,2,382.0822800726799,High
56,0.34,1,57870,2,1,506.1084580046512,Medium
16,0.38,1,61547,2,2,531.485973564349,Medium
46,0.4,1,69110,2,1,547.511537863285,Medium
22,0.58,1,58554,2,2,628.7949703224996,Medium
78,0.53,0,25936,1,0,416.87243430185646,High
84,0.61,0,9426,1,0,433.8006436267354,High
13,0.76,1,93839,0,2,628.060341909842,Medium
65,0.81,0,32606,0,0,440.9347548026257,High
74,0.72,1,52832,0,2,617.2505808063789,Medium
50,0.96,1,33151,0,0,548.6659523862655,Medium
37,0.02,0,84303,2,1,360.5759669604936,High
63,0.2,1,16308,1,2,451.69696155403545,Medium
97,0.01,1,67522,1,1,511.19663178916653,Medium
37,0.65,0,50671,0,1,421.6738514350333,High
49,0.9,1,95306,0,2,704.3471473167317,Low
97,0.24,1,99108,2,1,679.3404367216395,Low
81,0.93,0,7204,2,2,625.0767978386008,Medium
29,0.06,1,97769,0,1,448.298508052577,High
78,0.93,0,92265,1,2,756.9047611855386,Low
90,0.35,1,36131,1,2,584.6472586657352,Medium
50,0.1,0,57428,1,0,300.0,High
62,0.49,0,38870,0,2,401.59331550801045,High
97,0.26,0,54067,1,2,499.83502938745715,Medium
51,0.28,1,63585,2,1,507.85380039882585,Medium
37,0.31,0,26607,2,2,379.5235640033738,High
96,0.8,0,29968,0,0,447.96214375541666,High
87,0.54,0,16908,2,1,506.2087132448744,Medium
78,0.31,0,31423,0,1,356.8498020063151,High
29,0.61,0,79707,1,0,436.78993382317867,High
50,0.72,1,83257,1,1,666.9758245011978,Low
80,0.27,1,66215,1,1,578.6797978975391,Medium
4,0.41,1,60835,2,1,425.4309973025191,High
28,0.12,1,54429,0,1,353.1044233093962,High
3,0.18,1,87152,1,0,387.2275652140972,High
9,0.68,1,43458,0,0,406.9562710655862,High
55,0.18,1,51169,1,1,427.31261213723394,High
16,0.53,0,12659,2,1,314.24019768688424,High
73,0.71,1,65614,2,0,642.369159963872,Medium
16,0.11,0,82240,0,0,300.0,High
83,0.57,0,37793,2,0,469.52977765865285,Medium
87,0.26,1,51473,2,1,595.1109480637001,Medium
68,0.96,0,94388,0,1,650.8287046892505,Low
33,0.48,0,93330,1,2,516.90652051442,Medium
5,0.81,0,60751,2,0,443.69761168100626,High
52,0.55,0,83915,0,1,483.33359272072255,Medium
65,0.04,1,59254,2,0,393.92429733310234,High
76,0.63,1,12006,2,1,573.7882312444195,Medium
42,0.95,1,79218,2,0,685.4581713520615,Low
74,0.6,1,70344,2,1,698.2015669087631,Low
22,0.82,1,38840,0,2,548.2369520359468,Medium
54,0.88,1,37430,0,2,666.5063896551089,Low
79,0.23,1,28091,0,0,381.22538375800116,High
94,0.21,1,37983,2,1,514.8071665817001,Medium
74,0.61,1,28989,2,1,572.8024337584615,Medium
15,0.41,1,80451,2,0,512.5897705581706,Medium
7,0.84,0,23990,0,1,360.7816795432912,High
3,0.9,1,95270,2,0,645.2700823346097,Medium
3,0.35,0,85360,1,1,327.55761210783743,High
55,0.24,0,41081,2,0,376.91589775927804,High
24,0.78,0,16033,1,1,411.9308925673426,High
66,0.27,0,21241,2,0,310.3731957168958,High
95,0.82,1,10939,0,1,601.7546828428898,Medium
66,0.42,0,52562,2,2,537.81596256606,Medium
26,0.67,1,40063,1,1,526.669633734501,Medium
92,0.1,1,81721,1,0,511.09258560794876,Medium
31,0.62,0,32045,2,2,472.30757516404464,Medium
49,0.45,1,49769,1,1,523.7593416805183,Medium
60,0.59,0,52118,1,2,496.40192893839645,Medium
50,0.17,0,89703,0,1,372.980505747715,High
18,0.74,1,26625,2,2,538.3127228341431,Medium
20,0.86,1,32076,2,0,534.2438468940502,Medium
4,0.22,0,69805,2,1,310.09372057933365,High
81,0.1,1,49605,1,1,439.7784384264164,High
91,0.02,1,89565,2,0,511.2542695196206,Medium
41,0.64,1,93509,2,2,724.0051240293158,Low
60,0.61,0,44121,0,0,387.1374323488838,High
21,0.55,0,70101,0,0,323.73886881934453,High
20,0.23,1,36433,0,2,347.7686279653877,High
69,0.39,1,48309,1,0,483.09665574061006,Medium
0,0.59,1,72468,2,1,520.3206378649908,Medium
4,0.5,1,49254,0,1,401.34638580271894,High
11,0.99,1,72293,0,1,610.392296250234,Medium
89,0.14,0,42853,0,0,314.30731374350637,High
45,0.7,1,43405,2,1,613.7489300353982,Medium
33,0.4,0,71652,2,1,442.2341840191688,High
48,0.43,1,48527,2,1,525.6447490048071,Medium
77,0.72,0,82227,1,1,614.949270761916,Medium
89,0.69,1,5492,1,1,569.1992606548075,Medium
44,0.99,0,98418,0,1,598.9849329273376,Medium
26,0.13,1,13811,2,0,300.4609234257915,High
72,0.1,0,98344,0,1,438.75677724975606,High
25,0.72,0,29272,2,1,474.3106798716119,Medium
46,0.58,0,98935,2,2,669.4799861295521,Low
85,0.27,0,77010,2,0,441.4995973549448,High
55,0.08,0,97492,1,0,352.2760015924235,High
93,0.09,0,52153,1,0,397.5367919374028,High
62,0.89,1,59110,2,0,668.4089876883553,Low
47,0.19,0,18979,0,1,300.0,High
60,0.32,1,33328,2,1,462.23340096610843,Medium
80,0.23,1,17867,2,2,527.7397726315354,Medium
25,0.35,1,64234,0,2,522.1068074951818,Medium
35,0.07,1,30851,2,0,338.43451620207054,High
0,0.52,1,36279,0,2,416.3583075696291,High
7,0.07,0,78402,1,2,313.87767266863165,High
98,0.8,0,20449,1,0,484.27999415011476,Medium
51,0.23,0,81221,0,0,316.41873719500586,High
78,0.54,1,94080,1,2,697.9557614242706,Low
46,0.88,0,10451,1,1,455.2056065068051,Medium
55,0.65,0,92178,0,2,619.5582135986082,Medium
85,0.53,0,46316,1,2,558.7406384818751,Medium
13,0.32,0,68064,2,1,395.4527797993146,High
89,0.33,0,68761,2,1,545.9869880185199,Medium
27,0.67,1,43870,0,0,431.80383820854746,High
86,0.99,0,35873,1,0,555.555866771871,Medium
77,0.66,1,63627,2,2,724.8303088629709,Low
87,0.56,1,71155,2,1,659.9687610311589,Low
1,0.73,1,30372,1,0,412.39060465591155,High
25,0.47,1,8642,1,2,380.1947120684583,High
13,0.06,1,33001,2,1,331.83031018572774,High
58,0.56,0,39064,2,2,523.5656187143775,Medium
55,0.96,0,99826,0,0,607.0807973298969,Medium
6,0.18,0,19122,0,0,300.0,High
2,0.69,1,29820,2,1,484.61589176677705,Medium
22,0.2,0,73431,0,2,383.4934347530951,High
17,0.54,0,60745,2,1,439.9289162190442,High
37,0.1,1,55081,2,0,359.01946306367904,High
98,0.45,1,75902,0,0,578.0497791570824,Medium
14,0.76,1,13711,0,2,438.1961794649973,High
63,0.35,1,90132,1,2,623.2201911905566,Medium
88,0.66,0,23793,1,2,543.9660718813321,Medium
27,0.8,1,13199,1,1,511.3234721911533,Medium
73,0.93,1,81253,2,2,832.4987794291637,Low
38,0.23,0,41191,0,2,302.4567197213114,High
56,0.4,0,15211,2,0,300.0,High
16,0.15,1,68069,0,0,301.20964962813366,High
85,0.99,0,93896,2,2,850.0,Low
89,0.93,1,61746,1,2,815.9141406979406,Low
43,0.54,1,26542,1,0,449.87558824710356,High
24,0.84,0,36312,1,2,484.62291534671505,Medium
16,0.52,0,50242,2,1,367.0150047979556,High
12,0.62,1,98783,0,1,533.1444507182387,Medium
83,0.09,1,92893,0,1,526.8433778168474,Medium
24,0.76,1,60388,1,2,586.8934231304149,Medium
67,0.13,0,32691,1,0,300.0,High
9,0.83,1,82960,1,2,651.1927862805741,Low
66,0.78,1,89388,1,2,748.3574938787341,Low
17,0.71,1,27601,0,0,359.72833965350344,High
99,0.04,1,23020,2,0,421.8330739641952,High
85,0.3,1,13155,2,0,447.2274288976913,High
